num__studytime,num__absences,num__failures,cat__schoolsup_no,cat__schoolsup_yes,cat__famsup_no,cat__famsup_yes,cat__activities_no,cat__activities_yes,cat__higher_no,cat__higher_yes,needs_support
2.5725350158931213,0.4749689671975684,-0.3840356986917804,1.0,0.0,0.0,1.0,0.0,1.0,0.0,1.0,0
0.11143700068845773,0.4749689671975684,-0.3840356986917804,0.0,1.0,0.0,1.0,1.0,0.0,0.0,1.0,0
0.11143700068845773,-0.8011771620977103,-0.3840356986917804,0.0,1.0,0.0,1.0,1.0,0.0,0.0,1.0,0
0.11143700068845773,0.0495869240991422,-0.3840356986917804,1.0,0.0,1.0,0.0,1.0,0.0,0.0,1.0,0
1.3419860082907897,-0.8011771620977103,-0.3840356986917804,1.0,0.0,0.0,1.0,0.0,1.0,0.0,1.0,0
-1.1191120069138742,1.7511150964928472,1.1978256316338864,1.0,0.0,0.0,1.0,0.0,1.0,1.0,0.0,1
1.3419860082907897,0.0495869240991422,-0.3840356986917804,1.0,0.0,0.0,1.0,1.0,0.0,0.0,1.0,0
1.3419860082907897,-0.8011771620977103,-0.3840356986917804,1.0,0.0,1.0,0.0,0.0,1.0,0.0,1.0,0
-1.1191120069138742,2.1764971395912736,1.1978256316338864,1.0,0.0,1.0,0.0,1.0,0.0,1.0,0.0,1
0.11143700068845773,-0.37579511899928403,-0.3840356986917804,1.0,0.0,1.0,0.0,0.0,1.0,0.0,1.0,0
-1.1191120069138742,-0.37579511899928403,4.36154829228522,1.0,0.0,0.0,1.0,0.0,1.0,0.0,1.0,1
-1.1191120069138742,-0.37579511899928403,1.1978256316338864,1.0,0.0,1.0,0.0,0.0,1.0,0.0,1.0,1
-1.1191120069138742,-0.37579511899928403,-0.3840356986917804,1.0,0.0,1.0,0.0,1.0,0.0,0.0,1.0,0
0.11143700068845773,0.4749689671975684,-0.3840356986917804,1.0,0.0,0.0,1.0,1.0,0.0,0.0,1.0,0
1.3419860082907897,-0.8011771620977103,-0.3840356986917804,1.0,0.0,1.0,0.0,1.0,0.0,0.0,1.0,0
-1.1191120069138742,-0.8011771620977103,-0.3840356986917804,1.0,0.0,1.0,0.0,1.0,0.0,0.0,1.0,0
0.11143700068845773,0.4749689671975684,-0.3840356986917804,1.0,0.0,0.0,1.0,0.0,1.0,0.0,1.0,0
0.11143700068845773,2.3891881611404866,-0.3840356986917804,1.0,0.0,1.0,0.0,1.0,0.0,1.0,0.0,0
0.11143700068845773,-0.37579511899928403,-0.3840356986917804,1.0,0.0,0.0,1.0,0.0,1.0,0.0,1.0,0
0.11143700068845773,-0.8011771620977103,-0.3840356986917804,0.0,1.0,0.0,1.0,1.0,0.0,0.0,1.0,1
-1.1191120069138742,0.4749689671975684,-0.3840356986917804,1.0,0.0,0.0,1.0,0.0,1.0,0.0,1.0,0
0.11143700068845773,-0.8011771620977103,-0.3840356986917804,1.0,0.0,0.0,1.0,1.0,0.0,0.0,1.0,0
0.11143700068845773,-0.37579511899928403,-0.3840356986917804,1.0,0.0,1.0,0.0,1.0,0.0,0.0,1.0,0
1.3419860082907897,-0.8011771620977103,-0.3840356986917804,1.0,0.0,0.0,1.0,1.0,0.0,0.0,1.0,0
-1.1191120069138742,0.0495869240991422,-0.3840356986917804,1.0,0.0,1.0,0.0,1.0,0.0,0.0,1.0,0
1.3419860082907897,-0.37579511899928403,-0.3840356986917804,0.0,1.0,1.0,0.0,1.0,0.0,0.0,1.0,1
0.11143700068845773,-0.8011771620977103,4.36154829228522,1.0,0.0,0.0,1.0,0.0,1.0,1.0,0.0,1
-1.1191120069138742,-0.8011771620977103,-0.3840356986917804,1.0,0.0,1.0,0.0,0.0,1.0,0.0,1.0,0
0.11143700068845773,0.4749689671975684,-0.3840356986917804,1.0,0.0,1.0,0.0,1.0,0.0,0.0,1.0,0
2.5725350158931213,-0.8011771620977103,-0.3840356986917804,1.0,0.0,1.0,0.0,1.0,0.0,0.0,1.0,0
0.11143700068845773,1.325733053394421,-0.3840356986917804,1.0,0.0,0.0,1.0,0.0,1.0,0.0,1.0,0
0.11143700068845773,2.1764971395912736,-0.3840356986917804,1.0,0.0,0.0,1.0,1.0,0.0,0.0,1.0,0
0.11143700068845773,-0.8011771620977103,-0.3840356986917804,0.0,1.0,0.0,1.0,1.0,0.0,0.0,1.0,0
-1.1191120069138742,0.0495869240991422,-0.3840356986917804,1.0,0.0,1.0,0.0,1.0,0.0,0.0,1.0,0
0.11143700068845773,0.9003510102959947,-0.3840356986917804,1.0,0.0,0.0,1.0,0.0,1.0,0.0,1.0,1
-1.1191120069138742,2.6018791826896996,1.1978256316338864,1.0,0.0,1.0,0.0,1.0,0.0,1.0,0.0,0
0.11143700068845773,-0.8011771620977103,-0.3840356986917804,1.0,0.0,0.0,1.0,1.0,0.0,0.0,1.0,0
1.3419860082907897,0.4749689671975684,-0.3840356986917804,1.0,0.0,1.0,0.0,0.0,1.0,0.0,1.0,0
-1.1191120069138742,-0.8011771620977103,-0.3840356986917804,0.0,1.0,0.0,1.0,0.0,1.0,0.0,1.0,0
0.11143700068845773,-0.37579511899928403,-0.3840356986917804,0.0,1.0,0.0,1.0,1.0,0.0,0.0,1.0,0
-1.1191120069138742,-0.8011771620977103,1.1978256316338864,1.0,0.0,0.0,1.0,0.0,1.0,0.0,1.0,0
-1.1191120069138742,-0.8011771620977103,-0.3840356986917804,1.0,0.0,1.0,0.0,0.0,1.0,1.0,0.0,0
1.3419860082907897,-0.37579511899928403,-0.3840356986917804,1.0,0.0,0.0,1.0,0.0,1.0,0.0,1.0,0
0.11143700068845773,-0.8011771620977103,-0.3840356986917804,1.0,0.0,1.0,0.0,0.0,1.0,0.0,1.0,0
-1.1191120069138742,0.4749689671975684,1.1978256316338864,1.0,0.0,1.0,0.0,0.0,1.0,0.0,1.0,0
-1.1191120069138742,1.325733053394421,4.36154829228522,1.0,0.0,0.0,1.0,0.0,1.0,1.0,0.0,1
0.11143700068845773,0.0495869240991422,-0.3840356986917804,1.0,0.0,0.0,1.0,1.0,0.0,0.0,1.0,1
1.3419860082907897,0.0495869240991422,-0.3840356986917804,1.0,0.0,0.0,1.0,0.0,1.0,0.0,1.0,0
0.11143700068845773,-0.8011771620977103,-0.3840356986917804,1.0,0.0,1.0,0.0,0.0,1.0,0.0,1.0,0
-1.1191120069138742,-0.37579511899928403,-0.3840356986917804,1.0,0.0,0.0,1.0,1.0,0.0,0.0,1.0,1
0.11143700068845773,0.0495869240991422,-0.3840356986917804,1.0,0.0,0.0,1.0,0.0,1.0,0.0,1.0,0
0.11143700068845773,-0.8011771620977103,-0.3840356986917804,1.0,0.0,0.0,1.0,0.0,1.0,0.0,1.0,0
1.3419860082907897,1.7511150964928472,-0.3840356986917804,1.0,0.0,1.0,0.0,0.0,1.0,1.0,0.0,0
0.11143700068845773,0.0495869240991422,-0.3840356986917804,1.0,0.0,0.0,1.0,1.0,0.0,0.0,1.0,0
0.11143700068845773,-0.5884861405484971,-0.3840356986917804,1.0,0.0,1.0,0.0,1.0,0.0,0.0,1.0,0
1.3419860082907897,-0.37579511899928403,-0.3840356986917804,0.0,1.0,0.0,1.0,1.0,0.0,0.0,1.0,0
-1.1191120069138742,0.9003510102959947,-0.3840356986917804,0.0,1.0,0.0,1.0,0.0,1.0,0.0,1.0,0
0.11143700068845773,-0.8011771620977103,-0.3840356986917804,1.0,0.0,0.0,1.0,1.0,0.0,0.0,1.0,0
1.3419860082907897,1.325733053394421,-0.3840356986917804,1.0,0.0,0.0,1.0,0.0,1.0,0.0,1.0,0
-1.1191120069138742,-0.8011771620977103,-0.3840356986917804,1.0,0.0,0.0,1.0,1.0,0.0,0.0,1.0,0
0.11143700068845773,3.0272612257881257,-0.3840356986917804,1.0,0.0,0.0,1.0,1.0,0.0,0.0,1.0,0
1.3419860082907897,0.9003510102959947,-0.3840356986917804,1.0,0.0,1.0,0.0,0.0,1.0,0.0,1.0,0
1.3419860082907897,-0.8011771620977103,-0.3840356986917804,1.0,0.0,0.0,1.0,0.0,1.0,0.0,1.0,0
0.11143700068845773,0.4749689671975684,-0.3840356986917804,1.0,0.0,0.0,1.0,0.0,1.0,0.0,1.0,0
1.3419860082907897,1.325733053394421,-0.3840356986917804,1.0,0.0,0.0,1.0,1.0,0.0,0.0,1.0,0
0.11143700068845773,0.4749689671975684,-0.3840356986917804,1.0,0.0,1.0,0.0,1.0,0.0,0.0,1.0,0
1.3419860082907897,-0.37579511899928403,-0.3840356986917804,0.0,1.0,0.0,1.0,1.0,0.0,0.0,1.0,0
1.3419860082907897,-0.8011771620977103,-0.3840356986917804,1.0,0.0,1.0,0.0,1.0,0.0,0.0,1.0,0
-1.1191120069138742,0.0495869240991422,-0.3840356986917804,1.0,0.0,1.0,0.0,1.0,0.0,0.0,1.0,0
-1.1191120069138742,-0.8011771620977103,-0.3840356986917804,1.0,0.0,0.0,1.0,0.0,1.0,0.0,1.0,0
1.3419860082907897,-0.8011771620977103,-0.3840356986917804,1.0,0.0,0.0,1.0,1.0,0.0,0.0,1.0,0
-1.1191120069138742,0.9003510102959947,-0.3840356986917804,1.0,0.0,0.0,1.0,0.0,1.0,0.0,1.0,0
-1.1191120069138742,0.9003510102959947,-0.3840356986917804,1.0,0.0,0.0,1.0,0.0,1.0,0.0,1.0,0
0.11143700068845773,1.113042031845208,-0.3840356986917804,1.0,0.0,1.0,0.0,0.0,1.0,0.0,1.0,0
0.11143700068845773,0.0495869240991422,-0.3840356986917804,1.0,0.0,0.0,1.0,1.0,0.0,0.0,1.0,0
0.11143700068845773,-0.37579511899928403,-0.3840356986917804,1.0,0.0,0.0,1.0,0.0,1.0,0.0,1.0,0
2.5725350158931213,-0.8011771620977103,-0.3840356986917804,1.0,0.0,0.0,1.0,0.0,1.0,0.0,1.0,0
0.11143700068845773,1.113042031845208,2.7796869619595532,1.0,0.0,0.0,1.0,0.0,1.0,1.0,0.0,1
0.11143700068845773,-0.8011771620977103,-0.3840356986917804,1.0,0.0,0.0,1.0,0.0,1.0,0.0,1.0,0
-1.1191120069138742,-0.8011771620977103,-0.3840356986917804,1.0,0.0,1.0,0.0,1.0,0.0,0.0,1.0,0
0.11143700068845773,0.9003510102959947,-0.3840356986917804,1.0,0.0,0.0,1.0,1.0,0.0,0.0,1.0,0
0.11143700068845773,-0.8011771620977103,-0.3840356986917804,1.0,0.0,1.0,0.0,1.0,0.0,0.0,1.0,0
-1.1191120069138742,0.9003510102959947,-0.3840356986917804,1.0,0.0,1.0,0.0,0.0,1.0,1.0,0.0,1
1.3419860082907897,-0.8011771620977103,-0.3840356986917804,0.0,1.0,1.0,0.0,1.0,0.0,0.0,1.0,0
0.11143700068845773,-0.8011771620977103,-0.3840356986917804,1.0,0.0,0.0,1.0,0.0,1.0,0.0,1.0,0
-1.1191120069138742,-0.8011771620977103,-0.3840356986917804,1.0,0.0,1.0,0.0,1.0,0.0,0.0,1.0,0
-1.1191120069138742,-0.37579511899928403,-0.3840356986917804,1.0,0.0,0.0,1.0,1.0,0.0,0.0,1.0,0
0.11143700068845773,-0.8011771620977103,-0.3840356986917804,1.0,0.0,0.0,1.0,0.0,1.0,0.0,1.0,0
-1.1191120069138742,1.538424074943634,-0.3840356986917804,1.0,0.0,1.0,0.0,0.0,1.0,0.0,1.0,0
-1.1191120069138742,-0.37579511899928403,-0.3840356986917804,1.0,0.0,1.0,0.0,0.0,1.0,0.0,1.0,0
0.11143700068845773,-0.37579511899928403,-0.3840356986917804,1.0,0.0,1.0,0.0,0.0,1.0,0.0,1.0,0
0.11143700068845773,-0.37579511899928403,4.36154829228522,1.0,0.0,0.0,1.0,0.0,1.0,0.0,1.0,0
0.11143700068845773,-0.37579511899928403,-0.3840356986917804,1.0,0.0,1.0,0.0,1.0,0.0,0.0,1.0,0
0.11143700068845773,2.6018791826896996,-0.3840356986917804,1.0,0.0,0.0,1.0,0.0,1.0,0.0,1.0,0
0.11143700068845773,-0.37579511899928403,-0.3840356986917804,1.0,0.0,0.0,1.0,1.0,0.0,0.0,1.0,0
0.11143700068845773,-0.8011771620977103,-0.3840356986917804,1.0,0.0,1.0,0.0,1.0,0.0,0.0,1.0,0
0.11143700068845773,1.325733053394421,-0.3840356986917804,0.0,1.0,1.0,0.0,1.0,0.0,0.0,1.0,0
-1.1191120069138742,0.0495869240991422,-0.3840356986917804,1.0,0.0,1.0,0.0,0.0,1.0,0.0,1.0,0
1.3419860082907897,-0.8011771620977103,-0.3840356986917804,1.0,0.0,1.0,0.0,1.0,0.0,0.0,1.0,0
0.11143700068845773,-0.37579511899928403,-0.3840356986917804,1.0,0.0,0.0,1.0,1.0,0.0,0.0,1.0,0
2.5725350158931213,0.0495869240991422,-0.3840356986917804,1.0,0.0,0.0,1.0,1.0,0.0,0.0,1.0,0
-1.1191120069138742,0.4749689671975684,1.1978256316338864,1.0,0.0,0.0,1.0,1.0,0.0,0.0,1.0,0
0.11143700068845773,0.9003510102959947,-0.3840356986917804,1.0,0.0,0.0,1.0,1.0,0.0,0.0,1.0,0
-1.1191120069138742,-0.8011771620977103,-0.3840356986917804,1.0,0.0,1.0,0.0,1.0,0.0,0.0,1.0,0
0.11143700068845773,-0.8011771620977103,-0.3840356986917804,1.0,0.0,1.0,0.0,0.0,1.0,0.0,1.0,1
0.11143700068845773,-0.8011771620977103,-0.3840356986917804,1.0,0.0,0.0,1.0,1.0,0.0,0.0,1.0,0
0.11143700068845773,-0.8011771620977103,-0.3840356986917804,0.0,1.0,1.0,0.0,0.0,1.0,0.0,1.0,0
1.3419860082907897,-0.37579511899928403,-0.3840356986917804,1.0,0.0,0.0,1.0,1.0,0.0,0.0,1.0,0
2.5725350158931213,-0.8011771620977103,1.1978256316338864,1.0,0.0,0.0,1.0,0.0,1.0,0.0,1.0,0
0.11143700068845773,-0.37579511899928403,-0.3840356986917804,1.0,0.0,0.0,1.0,1.0,0.0,0.0,1.0,0
0.11143700068845773,-0.37579511899928403,-0.3840356986917804,1.0,0.0,1.0,0.0,0.0,1.0,0.0,1.0,0
-1.1191120069138742,-0.8011771620977103,-0.3840356986917804,1.0,0.0,1.0,0.0,1.0,0.0,0.0,1.0,0
0.11143700068845773,-0.8011771620977103,-0.3840356986917804,1.0,0.0,0.0,1.0,1.0,0.0,0.0,1.0,0
0.11143700068845773,1.325733053394421,-0.3840356986917804,1.0,0.0,0.0,1.0,1.0,0.0,0.0,1.0,0
0.11143700068845773,0.4749689671975684,-0.3840356986917804,1.0,0.0,1.0,0.0,1.0,0.0,0.0,1.0,0
0.11143700068845773,-0.8011771620977103,2.7796869619595532,1.0,0.0,0.0,1.0,1.0,0.0,1.0,0.0,0
1.3419860082907897,-0.8011771620977103,-0.3840356986917804,1.0,0.0,0.0,1.0,0.0,1.0,0.0,1.0,0
-1.1191120069138742,-0.8011771620977103,-0.3840356986917804,1.0,0.0,0.0,1.0,0.0,1.0,0.0,1.0,0
-1.1191120069138742,-0.5884861405484971,-0.3840356986917804,1.0,0.0,1.0,0.0,1.0,0.0,0.0,1.0,0
-1.1191120069138742,0.0495869240991422,-0.3840356986917804,1.0,0.0,0.0,1.0,1.0,0.0,0.0,1.0,0
0.11143700068845773,-0.8011771620977103,-0.3840356986917804,1.0,0.0,1.0,0.0,0.0,1.0,0.0,1.0,0
0.11143700068845773,0.0495869240991422,-0.3840356986917804,1.0,0.0,1.0,0.0,0.0,1.0,0.0,1.0,1
-1.1191120069138742,-0.8011771620977103,-0.3840356986917804,1.0,0.0,0.0,1.0,1.0,0.0,1.0,0.0,1
0.11143700068845773,0.2622779456483553,-0.3840356986917804,1.0,0.0,1.0,0.0,0.0,1.0,0.0,1.0,0
0.11143700068845773,3.6653342904357653,2.7796869619595532,1.0,0.0,0.0,1.0,0.0,1.0,1.0,0.0,0
1.3419860082907897,-0.37579511899928403,-0.3840356986917804,0.0,1.0,0.0,1.0,1.0,0.0,0.0,1.0,0
-1.1191120069138742,0.2622779456483553,1.1978256316338864,1.0,0.0,0.0,1.0,1.0,0.0,0.0,1.0,0
0.11143700068845773,-0.5884861405484971,-0.3840356986917804,1.0,0.0,0.0,1.0,0.0,1.0,0.0,1.0,0
-1.1191120069138742,-0.37579511899928403,-0.3840356986917804,1.0,0.0,1.0,0.0,0.0,1.0,0.0,1.0,0
-1.1191120069138742,-0.37579511899928403,1.1978256316338864,1.0,0.0,0.0,1.0,1.0,0.0,1.0,0.0,1
0.11143700068845773,-0.37579511899928403,-0.3840356986917804,0.0,1.0,0.0,1.0,1.0,0.0,0.0,1.0,0
0.11143700068845773,-0.8011771620977103,4.36154829228522,0.0,1.0,0.0,1.0,1.0,0.0,0.0,1.0,1
0.11143700068845773,-0.37579511899928403,-0.3840356986917804,1.0,0.0,1.0,0.0,0.0,1.0,0.0,1.0,0
0.11143700068845773,1.7511150964928472,-0.3840356986917804,1.0,0.0,0.0,1.0,1.0,0.0,1.0,0.0,0
0.11143700068845773,0.0495869240991422,-0.3840356986917804,1.0,0.0,1.0,0.0,0.0,1.0,0.0,1.0,0
1.3419860082907897,-0.8011771620977103,-0.3840356986917804,1.0,0.0,1.0,0.0,0.0,1.0,0.0,1.0,0
0.11143700068845773,2.6018791826896996,-0.3840356986917804,1.0,0.0,0.0,1.0,0.0,1.0,0.0,1.0,0
0.11143700068845773,-0.37579511899928403,-0.3840356986917804,1.0,0.0,0.0,1.0,1.0,0.0,0.0,1.0,0
1.3419860082907897,0.4749689671975684,2.7796869619595532,1.0,0.0,0.0,1.0,1.0,0.0,1.0,0.0,0
0.11143700068845773,-0.8011771620977103,-0.3840356986917804,1.0,0.0,0.0,1.0,1.0,0.0,0.0,1.0,0
0.11143700068845773,-0.8011771620977103,1.1978256316338864,1.0,0.0,1.0,0.0,0.0,1.0,0.0,1.0,1
0.11143700068845773,0.0495869240991422,1.1978256316338864,1.0,0.0,0.0,1.0,1.0,0.0,0.0,1.0,1
0.11143700068845773,-0.8011771620977103,-0.3840356986917804,1.0,0.0,1.0,0.0,0.0,1.0,0.0,1.0,0
2.5725350158931213,-0.37579511899928403,-0.3840356986917804,1.0,0.0,0.0,1.0,1.0,0.0,0.0,1.0,0
-1.1191120069138742,0.9003510102959947,1.1978256316338864,1.0,0.0,1.0,0.0,0.0,1.0,1.0,0.0,1
0.11143700068845773,-0.8011771620977103,-0.3840356986917804,1.0,0.0,0.0,1.0,0.0,1.0,0.0,1.0,0
0.11143700068845773,-0.8011771620977103,-0.3840356986917804,0.0,1.0,0.0,1.0,1.0,0.0,0.0,1.0,0
1.3419860082907897,1.325733053394421,-0.3840356986917804,1.0,0.0,0.0,1.0,1.0,0.0,0.0,1.0,0
1.3419860082907897,0.0495869240991422,-0.3840356986917804,1.0,0.0,1.0,0.0,0.0,1.0,0.0,1.0,0
0.11143700068845773,-0.8011771620977103,-0.3840356986917804,1.0,0.0,0.0,1.0,0.0,1.0,0.0,1.0,0
0.11143700068845773,1.325733053394421,-0.3840356986917804,1.0,0.0,0.0,1.0,0.0,1.0,0.0,1.0,0
1.3419860082907897,0.0495869240991422,-0.3840356986917804,1.0,0.0,0.0,1.0,0.0,1.0,0.0,1.0,0
-1.1191120069138742,0.4749689671975684,-0.3840356986917804,1.0,0.0,0.0,1.0,1.0,0.0,1.0,0.0,0
2.5725350158931213,1.325733053394421,-0.3840356986917804,0.0,1.0,1.0,0.0,1.0,0.0,0.0,1.0,0
-1.1191120069138742,-0.8011771620977103,-0.3840356986917804,1.0,0.0,0.0,1.0,0.0,1.0,0.0,1.0,0
-1.1191120069138742,0.0495869240991422,-0.3840356986917804,1.0,0.0,1.0,0.0,1.0,0.0,0.0,1.0,0
0.11143700068845773,0.4749689671975684,-0.3840356986917804,0.0,1.0,1.0,0.0,1.0,0.0,0.0,1.0,0
0.11143700068845773,-0.8011771620977103,-0.3840356986917804,1.0,0.0,0.0,1.0,1.0,0.0,0.0,1.0,0
0.11143700068845773,0.0495869240991422,-0.3840356986917804,1.0,0.0,0.0,1.0,0.0,1.0,0.0,1.0,0
0.11143700068845773,-0.8011771620977103,-0.3840356986917804,1.0,0.0,0.0,1.0,0.0,1.0,0.0,1.0,0
-1.1191120069138742,1.7511150964928472,-0.3840356986917804,0.0,1.0,0.0,1.0,0.0,1.0,0.0,1.0,1
-1.1191120069138742,0.9003510102959947,-0.3840356986917804,1.0,0.0,1.0,0.0,0.0,1.0,0.0,1.0,0
0.11143700068845773,-0.37579511899928403,-0.3840356986917804,1.0,0.0,1.0,0.0,0.0,1.0,0.0,1.0,0
1.3419860082907897,0.0495869240991422,-0.3840356986917804,1.0,0.0,0.0,1.0,1.0,0.0,0.0,1.0,0
-1.1191120069138742,0.2622779456483553,-0.3840356986917804,1.0,0.0,0.0,1.0,0.0,1.0,0.0,1.0,0
1.3419860082907897,-0.8011771620977103,-0.3840356986917804,1.0,0.0,0.0,1.0,0.0,1.0,0.0,1.0,1
0.11143700068845773,1.113042031845208,4.36154829228522,1.0,0.0,0.0,1.0,1.0,0.0,0.0,1.0,0
0.11143700068845773,0.9003510102959947,1.1978256316338864,1.0,0.0,1.0,0.0,0.0,1.0,0.0,1.0,0
0.11143700068845773,-0.37579511899928403,-0.3840356986917804,0.0,1.0,0.0,1.0,0.0,1.0,0.0,1.0,0
0.11143700068845773,-0.8011771620977103,1.1978256316338864,0.0,1.0,0.0,1.0,1.0,0.0,1.0,0.0,0
0.11143700068845773,0.4749689671975684,-0.3840356986917804,1.0,0.0,0.0,1.0,1.0,0.0,0.0,1.0,0
0.11143700068845773,-0.5884861405484971,-0.3840356986917804,1.0,0.0,0.0,1.0,0.0,1.0,0.0,1.0,0
1.3419860082907897,-0.8011771620977103,-0.3840356986917804,1.0,0.0,0.0,1.0,1.0,0.0,0.0,1.0,0
-1.1191120069138742,-0.8011771620977103,-0.3840356986917804,1.0,0.0,1.0,0.0,1.0,0.0,0.0,1.0,0
-1.1191120069138742,1.538424074943634,-0.3840356986917804,1.0,0.0,0.0,1.0,1.0,0.0,1.0,0.0,0
-1.1191120069138742,-0.37579511899928403,4.36154829228522,1.0,0.0,1.0,0.0,0.0,1.0,0.0,1.0,1
0.11143700068845773,0.0495869240991422,-0.3840356986917804,1.0,0.0,1.0,0.0,0.0,1.0,0.0,1.0,0
-1.1191120069138742,0.0495869240991422,-0.3840356986917804,1.0,0.0,1.0,0.0,1.0,0.0,1.0,0.0,0
2.5725350158931213,1.325733053394421,-0.3840356986917804,1.0,0.0,0.0,1.0,0.0,1.0,0.0,1.0,0
0.11143700068845773,0.0495869240991422,-0.3840356986917804,1.0,0.0,1.0,0.0,1.0,0.0,0.0,1.0,0
0.11143700068845773,-0.8011771620977103,-0.3840356986917804,1.0,0.0,1.0,0.0,0.0,1.0,0.0,1.0,0
-1.1191120069138742,0.9003510102959947,-0.3840356986917804,1.0,0.0,1.0,0.0,1.0,0.0,1.0,0.0,1
1.3419860082907897,0.0495869240991422,-0.3840356986917804,1.0,0.0,1.0,0.0,1.0,0.0,0.0,1.0,0
0.11143700068845773,3.0272612257881257,1.1978256316338864,1.0,0.0,0.0,1.0,1.0,0.0,0.0,1.0,0
0.11143700068845773,1.7511150964928472,-0.3840356986917804,1.0,0.0,0.0,1.0,1.0,0.0,0.0,1.0,0
0.11143700068845773,1.325733053394421,-0.3840356986917804,1.0,0.0,0.0,1.0,0.0,1.0,0.0,1.0,1
0.11143700068845773,-0.8011771620977103,-0.3840356986917804,1.0,0.0,1.0,0.0,1.0,0.0,0.0,1.0,0
2.5725350158931213,-0.37579511899928403,-0.3840356986917804,1.0,0.0,0.0,1.0,0.0,1.0,0.0,1.0,0
-1.1191120069138742,-0.8011771620977103,4.36154829228522,0.0,1.0,0.0,1.0,0.0,1.0,1.0,0.0,0
0.11143700068845773,-0.8011771620977103,-0.3840356986917804,1.0,0.0,1.0,0.0,0.0,1.0,0.0,1.0,0
-1.1191120069138742,0.6876599887467816,-0.3840356986917804,1.0,0.0,1.0,0.0,1.0,0.0,0.0,1.0,0
0.11143700068845773,-0.8011771620977103,-0.3840356986917804,1.0,0.0,1.0,0.0,0.0,1.0,0.0,1.0,0
0.11143700068845773,-0.37579511899928403,1.1978256316338864,1.0,0.0,1.0,0.0,1.0,0.0,1.0,0.0,0
1.3419860082907897,-0.8011771620977103,1.1978256316338864,1.0,0.0,1.0,0.0,0.0,1.0,0.0,1.0,0
0.11143700068845773,-0.8011771620977103,-0.3840356986917804,1.0,0.0,1.0,0.0,0.0,1.0,0.0,1.0,0
-1.1191120069138742,-0.8011771620977103,1.1978256316338864,1.0,0.0,1.0,0.0,1.0,0.0,1.0,0.0,1
-1.1191120069138742,-0.8011771620977103,-0.3840356986917804,1.0,0.0,1.0,0.0,1.0,0.0,1.0,0.0,1
-1.1191120069138742,0.9003510102959947,1.1978256316338864,1.0,0.0,0.0,1.0,1.0,0.0,1.0,0.0,0
-1.1191120069138742,-0.8011771620977103,1.1978256316338864,1.0,0.0,1.0,0.0,1.0,0.0,0.0,1.0,1
2.5725350158931213,0.0495869240991422,-0.3840356986917804,1.0,0.0,1.0,0.0,0.0,1.0,1.0,0.0,0
0.11143700068845773,-0.37579511899928403,-0.3840356986917804,1.0,0.0,0.0,1.0,0.0,1.0,0.0,1.0,0
-1.1191120069138742,1.325733053394421,-0.3840356986917804,1.0,0.0,1.0,0.0,1.0,0.0,0.0,1.0,0
0.11143700068845773,0.9003510102959947,-0.3840356986917804,1.0,0.0,0.0,1.0,1.0,0.0,0.0,1.0,0
0.11143700068845773,-0.37579511899928403,-0.3840356986917804,1.0,0.0,0.0,1.0,0.0,1.0,0.0,1.0,0
1.3419860082907897,-0.8011771620977103,-0.3840356986917804,1.0,0.0,0.0,1.0,0.0,1.0,0.0,1.0,0
0.11143700068845773,-0.8011771620977103,-0.3840356986917804,1.0,0.0,1.0,0.0,1.0,0.0,0.0,1.0,0
0.11143700068845773,-0.8011771620977103,-0.3840356986917804,1.0,0.0,0.0,1.0,1.0,0.0,0.0,1.0,0
0.11143700068845773,-0.8011771620977103,-0.3840356986917804,1.0,0.0,0.0,1.0,1.0,0.0,0.0,1.0,0
-1.1191120069138742,0.9003510102959947,-0.3840356986917804,1.0,0.0,0.0,1.0,1.0,0.0,0.0,1.0,0
1.3419860082907897,-0.8011771620977103,-0.3840356986917804,1.0,0.0,0.0,1.0,0.0,1.0,0.0,1.0,0
1.3419860082907897,-0.37579511899928403,-0.3840356986917804,0.0,1.0,0.0,1.0,0.0,1.0,0.0,1.0,0
0.11143700068845773,-0.8011771620977103,-0.3840356986917804,0.0,1.0,1.0,0.0,0.0,1.0,0.0,1.0,0
0.11143700068845773,0.4749689671975684,-0.3840356986917804,1.0,0.0,0.0,1.0,1.0,0.0,0.0,1.0,0
0.11143700068845773,-0.8011771620977103,-0.3840356986917804,0.0,1.0,0.0,1.0,0.0,1.0,0.0,1.0,0
2.5725350158931213,-0.8011771620977103,-0.3840356986917804,1.0,0.0,1.0,0.0,0.0,1.0,0.0,1.0,0
0.11143700068845773,-0.8011771620977103,-0.3840356986917804,1.0,0.0,1.0,0.0,0.0,1.0,0.0,1.0,0
0.11143700068845773,1.538424074943634,-0.3840356986917804,1.0,0.0,0.0,1.0,0.0,1.0,0.0,1.0,0
-1.1191120069138742,0.0495869240991422,1.1978256316338864,1.0,0.0,1.0,0.0,1.0,0.0,1.0,0.0,0
-1.1191120069138742,0.0495869240991422,1.1978256316338864,1.0,0.0,0.0,1.0,1.0,0.0,0.0,1.0,1
-1.1191120069138742,1.7511150964928472,1.1978256316338864,1.0,0.0,1.0,0.0,1.0,0.0,0.0,1.0,0
-1.1191120069138742,-0.8011771620977103,-0.3840356986917804,1.0,0.0,0.0,1.0,1.0,0.0,0.0,1.0,0
-1.1191120069138742,0.4749689671975684,-0.3840356986917804,1.0,0.0,0.0,1.0,1.0,0.0,0.0,1.0,0
2.5725350158931213,-0.8011771620977103,-0.3840356986917804,1.0,0.0,0.0,1.0,0.0,1.0,0.0,1.0,0
1.3419860082907897,0.0495869240991422,-0.3840356986917804,1.0,0.0,0.0,1.0,0.0,1.0,0.0,1.0,0
0.11143700068845773,0.0495869240991422,1.1978256316338864,1.0,0.0,0.0,1.0,0.0,1.0,0.0,1.0,0
-1.1191120069138742,0.0495869240991422,-0.3840356986917804,1.0,0.0,0.0,1.0,0.0,1.0,0.0,1.0,0
0.11143700068845773,-0.8011771620977103,-0.3840356986917804,1.0,0.0,0.0,1.0,1.0,0.0,0.0,1.0,0
-1.1191120069138742,0.0495869240991422,-0.3840356986917804,1.0,0.0,1.0,0.0,1.0,0.0,0.0,1.0,0
0.11143700068845773,0.9003510102959947,2.7796869619595532,1.0,0.0,0.0,1.0,0.0,1.0,0.0,1.0,1
0.11143700068845773,-0.8011771620977103,-0.3840356986917804,1.0,0.0,1.0,0.0,1.0,0.0,0.0,1.0,0
-1.1191120069138742,0.4749689671975684,-0.3840356986917804,1.0,0.0,0.0,1.0,1.0,0.0,1.0,0.0,1
0.11143700068845773,1.538424074943634,-0.3840356986917804,1.0,0.0,0.0,1.0,0.0,1.0,1.0,0.0,0
0.11143700068845773,0.0495869240991422,-0.3840356986917804,1.0,0.0,0.0,1.0,1.0,0.0,0.0,1.0,0
-1.1191120069138742,0.4749689671975684,-0.3840356986917804,1.0,0.0,1.0,0.0,0.0,1.0,0.0,1.0,0
-1.1191120069138742,-0.8011771620977103,1.1978256316338864,1.0,0.0,1.0,0.0,1.0,0.0,1.0,0.0,0
1.3419860082907897,-0.37579511899928403,-0.3840356986917804,1.0,0.0,0.0,1.0,0.0,1.0,0.0,1.0,0
-1.1191120069138742,-0.8011771620977103,-0.3840356986917804,1.0,0.0,0.0,1.0,1.0,0.0,0.0,1.0,0
0.11143700068845773,1.325733053394421,-0.3840356986917804,1.0,0.0,0.0,1.0,1.0,0.0,0.0,1.0,0
1.3419860082907897,0.9003510102959947,-0.3840356986917804,1.0,0.0,0.0,1.0,1.0,0.0,0.0,1.0,0
-1.1191120069138742,-0.8011771620977103,-0.3840356986917804,1.0,0.0,1.0,0.0,0.0,1.0,0.0,1.0,1
0.11143700068845773,-0.8011771620977103,-0.3840356986917804,1.0,0.0,0.0,1.0,0.0,1.0,0.0,1.0,0
-1.1191120069138742,-0.8011771620977103,-0.3840356986917804,1.0,0.0,0.0,1.0,0.0,1.0,0.0,1.0,0
0.11143700068845773,-0.37579511899928403,-0.3840356986917804,1.0,0.0,0.0,1.0,0.0,1.0,0.0,1.0,0
-1.1191120069138742,-0.37579511899928403,1.1978256316338864,1.0,0.0,1.0,0.0,1.0,0.0,1.0,0.0,1
-1.1191120069138742,1.7511150964928472,-0.3840356986917804,1.0,0.0,1.0,0.0,1.0,0.0,0.0,1.0,0
0.11143700068845773,-0.8011771620977103,-0.3840356986917804,1.0,0.0,0.0,1.0,1.0,0.0,0.0,1.0,0
0.11143700068845773,-0.37579511899928403,-0.3840356986917804,1.0,0.0,0.0,1.0,0.0,1.0,0.0,1.0,0
0.11143700068845773,-0.37579511899928403,-0.3840356986917804,1.0,0.0,0.0,1.0,0.0,1.0,0.0,1.0,0
1.3419860082907897,0.9003510102959947,-0.3840356986917804,1.0,0.0,1.0,0.0,1.0,0.0,0.0,1.0,0
-1.1191120069138742,0.4749689671975684,-0.3840356986917804,1.0,0.0,0.0,1.0,1.0,0.0,0.0,1.0,0
0.11143700068845773,-0.8011771620977103,-0.3840356986917804,1.0,0.0,0.0,1.0,1.0,0.0,0.0,1.0,0
0.11143700068845773,-0.8011771620977103,-0.3840356986917804,1.0,0.0,0.0,1.0,1.0,0.0,0.0,1.0,0
1.3419860082907897,-0.8011771620977103,-0.3840356986917804,1.0,0.0,0.0,1.0,1.0,0.0,0.0,1.0,0
0.11143700068845773,0.9003510102959947,1.1978256316338864,1.0,0.0,1.0,0.0,1.0,0.0,0.0,1.0,0
-1.1191120069138742,0.9003510102959947,-0.3840356986917804,1.0,0.0,0.0,1.0,1.0,0.0,0.0,1.0,0
-1.1191120069138742,0.0495869240991422,-0.3840356986917804,1.0,0.0,0.0,1.0,1.0,0.0,0.0,1.0,0
-1.1191120069138742,-0.37579511899928403,-0.3840356986917804,1.0,0.0,1.0,0.0,1.0,0.0,0.0,1.0,0
0.11143700068845773,0.9003510102959947,-0.3840356986917804,1.0,0.0,1.0,0.0,0.0,1.0,0.0,1.0,0
-1.1191120069138742,-0.8011771620977103,-0.3840356986917804,1.0,0.0,0.0,1.0,1.0,0.0,0.0,1.0,1
0.11143700068845773,0.9003510102959947,-0.3840356986917804,1.0,0.0,1.0,0.0,0.0,1.0,0.0,1.0,0
1.3419860082907897,-0.8011771620977103,2.7796869619595532,1.0,0.0,1.0,0.0,0.0,1.0,0.0,1.0,0
-1.1191120069138742,-0.8011771620977103,-0.3840356986917804,1.0,0.0,1.0,0.0,0.0,1.0,0.0,1.0,0
-1.1191120069138742,-0.8011771620977103,-0.3840356986917804,1.0,0.0,1.0,0.0,1.0,0.0,0.0,1.0,0
1.3419860082907897,0.0495869240991422,-0.3840356986917804,1.0,0.0,0.0,1.0,0.0,1.0,0.0,1.0,0
0.11143700068845773,-0.37579511899928403,-0.3840356986917804,1.0,0.0,1.0,0.0,0.0,1.0,0.0,1.0,0
0.11143700068845773,-0.8011771620977103,-0.3840356986917804,1.0,0.0,0.0,1.0,0.0,1.0,0.0,1.0,0
0.11143700068845773,0.4749689671975684,-0.3840356986917804,1.0,0.0,1.0,0.0,0.0,1.0,0.0,1.0,0
0.11143700068845773,-0.8011771620977103,-0.3840356986917804,1.0,0.0,1.0,0.0,1.0,0.0,0.0,1.0,0
0.11143700068845773,-0.8011771620977103,-0.3840356986917804,1.0,0.0,0.0,1.0,0.0,1.0,0.0,1.0,0
0.11143700068845773,2.6018791826896996,-0.3840356986917804,1.0,0.0,1.0,0.0,1.0,0.0,1.0,0.0,1
-1.1191120069138742,-0.8011771620977103,2.7796869619595532,1.0,0.0,1.0,0.0,1.0,0.0,1.0,0.0,1
-1.1191120069138742,0.0495869240991422,-0.3840356986917804,1.0,0.0,0.0,1.0,0.0,1.0,0.0,1.0,0
-1.1191120069138742,-0.8011771620977103,1.1978256316338864,1.0,0.0,0.0,1.0,1.0,0.0,0.0,1.0,1
-1.1191120069138742,1.113042031845208,-0.3840356986917804,1.0,0.0,0.0,1.0,0.0,1.0,0.0,1.0,0
-1.1191120069138742,-0.37579511899928403,-0.3840356986917804,1.0,0.0,0.0,1.0,1.0,0.0,0.0,1.0,0
0.11143700068845773,0.0495869240991422,-0.3840356986917804,1.0,0.0,1.0,0.0,0.0,1.0,0.0,1.0,0
0.11143700068845773,-0.8011771620977103,-0.3840356986917804,1.0,0.0,0.0,1.0,1.0,0.0,0.0,1.0,0
-1.1191120069138742,0.4749689671975684,-0.3840356986917804,1.0,0.0,0.0,1.0,1.0,0.0,0.0,1.0,0
-1.1191120069138742,1.7511150964928472,4.36154829228522,1.0,0.0,1.0,0.0,1.0,0.0,1.0,0.0,1
-1.1191120069138742,2.6018791826896996,-0.3840356986917804,1.0,0.0,0.0,1.0,0.0,1.0,0.0,1.0,0
-1.1191120069138742,0.0495869240991422,-0.3840356986917804,1.0,0.0,0.0,1.0,0.0,1.0,0.0,1.0,0
0.11143700068845773,2.6018791826896996,1.1978256316338864,1.0,0.0,0.0,1.0,1.0,0.0,0.0,1.0,0
-1.1191120069138742,-0.8011771620977103,-0.3840356986917804,1.0,0.0,0.0,1.0,1.0,0.0,0.0,1.0,0
0.11143700068845773,-0.8011771620977103,2.7796869619595532,1.0,0.0,1.0,0.0,1.0,0.0,0.0,1.0,0
0.11143700068845773,0.9003510102959947,-0.3840356986917804,1.0,0.0,0.0,1.0,0.0,1.0,0.0,1.0,0
1.3419860082907897,-0.8011771620977103,-0.3840356986917804,0.0,1.0,0.0,1.0,0.0,1.0,0.0,1.0,0
0.11143700068845773,-0.8011771620977103,-0.3840356986917804,0.0,1.0,1.0,0.0,0.0,1.0,0.0,1.0,0
0.11143700068845773,-0.8011771620977103,-0.3840356986917804,1.0,0.0,0.0,1.0,0.0,1.0,0.0,1.0,0
-1.1191120069138742,0.9003510102959947,-0.3840356986917804,1.0,0.0,0.0,1.0,0.0,1.0,0.0,1.0,1
1.3419860082907897,-0.8011771620977103,-0.3840356986917804,1.0,0.0,0.0,1.0,1.0,0.0,0.0,1.0,0
0.11143700068845773,-0.8011771620977103,-0.3840356986917804,1.0,0.0,1.0,0.0,0.0,1.0,0.0,1.0,0
0.11143700068845773,-0.37579511899928403,-0.3840356986917804,1.0,0.0,0.0,1.0,0.0,1.0,0.0,1.0,0
0.11143700068845773,-0.8011771620977103,-0.3840356986917804,1.0,0.0,0.0,1.0,0.0,1.0,0.0,1.0,0
-1.1191120069138742,-0.8011771620977103,-0.3840356986917804,0.0,1.0,0.0,1.0,1.0,0.0,0.0,1.0,0
-1.1191120069138742,0.4749689671975684,-0.3840356986917804,1.0,0.0,1.0,0.0,1.0,0.0,0.0,1.0,0
-1.1191120069138742,-0.8011771620977103,-0.3840356986917804,1.0,0.0,1.0,0.0,1.0,0.0,1.0,0.0,1
-1.1191120069138742,0.0495869240991422,-0.3840356986917804,1.0,0.0,1.0,0.0,1.0,0.0,0.0,1.0,1
-1.1191120069138742,0.0495869240991422,2.7796869619595532,1.0,0.0,1.0,0.0,1.0,0.0,1.0,0.0,1
1.3419860082907897,-0.8011771620977103,-0.3840356986917804,1.0,0.0,0.0,1.0,0.0,1.0,0.0,1.0,0
0.11143700068845773,-0.8011771620977103,-0.3840356986917804,1.0,0.0,0.0,1.0,1.0,0.0,0.0,1.0,0
0.11143700068845773,-0.8011771620977103,-0.3840356986917804,1.0,0.0,0.0,1.0,0.0,1.0,0.0,1.0,0
0.11143700068845773,-0.8011771620977103,1.1978256316338864,1.0,0.0,1.0,0.0,1.0,0.0,0.0,1.0,0
-1.1191120069138742,0.0495869240991422,-0.3840356986917804,1.0,0.0,0.0,1.0,1.0,0.0,0.0,1.0,0
2.5725350158931213,0.4749689671975684,-0.3840356986917804,1.0,0.0,0.0,1.0,0.0,1.0,0.0,1.0,0
1.3419860082907897,-0.8011771620977103,-0.3840356986917804,1.0,0.0,0.0,1.0,0.0,1.0,0.0,1.0,0
-1.1191120069138742,0.0495869240991422,-0.3840356986917804,1.0,0.0,1.0,0.0,1.0,0.0,0.0,1.0,0
1.3419860082907897,-0.8011771620977103,1.1978256316338864,1.0,0.0,0.0,1.0,1.0,0.0,0.0,1.0,1
0.11143700068845773,-0.8011771620977103,-0.3840356986917804,1.0,0.0,0.0,1.0,1.0,0.0,0.0,1.0,0
-1.1191120069138742,-0.8011771620977103,1.1978256316338864,1.0,0.0,1.0,0.0,1.0,0.0,1.0,0.0,1
-1.1191120069138742,1.538424074943634,-0.3840356986917804,1.0,0.0,0.0,1.0,0.0,1.0,0.0,1.0,0
0.11143700068845773,-0.8011771620977103,-0.3840356986917804,1.0,0.0,0.0,1.0,0.0,1.0,0.0,1.0,0
-1.1191120069138742,0.9003510102959947,-0.3840356986917804,1.0,0.0,0.0,1.0,1.0,0.0,0.0,1.0,0
0.11143700068845773,0.9003510102959947,-0.3840356986917804,1.0,0.0,0.0,1.0,1.0,0.0,0.0,1.0,0
-1.1191120069138742,-0.37579511899928403,-0.3840356986917804,1.0,0.0,1.0,0.0,0.0,1.0,0.0,1.0,0
-1.1191120069138742,1.325733053394421,-0.3840356986917804,1.0,0.0,1.0,0.0,1.0,0.0,1.0,0.0,0
0.11143700068845773,1.7511150964928472,1.1978256316338864,1.0,0.0,0.0,1.0,1.0,0.0,0.0,1.0,1
0.11143700068845773,-0.37579511899928403,-0.3840356986917804,1.0,0.0,1.0,0.0,1.0,0.0,0.0,1.0,0
0.11143700068845773,-0.37579511899928403,-0.3840356986917804,1.0,0.0,0.0,1.0,1.0,0.0,0.0,1.0,0
1.3419860082907897,0.0495869240991422,-0.3840356986917804,1.0,0.0,1.0,0.0,1.0,0.0,0.0,1.0,0
0.11143700068845773,0.0495869240991422,-0.3840356986917804,1.0,0.0,0.0,1.0,0.0,1.0,0.0,1.0,0
0.11143700068845773,-0.8011771620977103,-0.3840356986917804,0.0,1.0,0.0,1.0,1.0,0.0,0.0,1.0,0
0.11143700068845773,-0.37579511899928403,-0.3840356986917804,1.0,0.0,0.0,1.0,1.0,0.0,0.0,1.0,1
1.3419860082907897,-0.8011771620977103,-0.3840356986917804,1.0,0.0,0.0,1.0,1.0,0.0,0.0,1.0,0
-1.1191120069138742,-0.37579511899928403,-0.3840356986917804,1.0,0.0,0.0,1.0,1.0,0.0,0.0,1.0,0
0.11143700068845773,-0.8011771620977103,-0.3840356986917804,1.0,0.0,0.0,1.0,0.0,1.0,0.0,1.0,0
2.5725350158931213,0.4749689671975684,-0.3840356986917804,0.0,1.0,0.0,1.0,1.0,0.0,0.0,1.0,0
-1.1191120069138742,0.9003510102959947,-0.3840356986917804,1.0,0.0,1.0,0.0,0.0,1.0,0.0,1.0,0
0.11143700068845773,0.2622779456483553,-0.3840356986917804,1.0,0.0,0.0,1.0,1.0,0.0,0.0,1.0,0
-1.1191120069138742,-0.8011771620977103,-0.3840356986917804,1.0,0.0,0.0,1.0,0.0,1.0,0.0,1.0,0
0.11143700068845773,0.0495869240991422,-0.3840356986917804,1.0,0.0,0.0,1.0,1.0,0.0,0.0,1.0,0
-1.1191120069138742,0.0495869240991422,-0.3840356986917804,1.0,0.0,0.0,1.0,0.0,1.0,0.0,1.0,0
-1.1191120069138742,-0.8011771620977103,1.1978256316338864,1.0,0.0,0.0,1.0,1.0,0.0,0.0,1.0,1
0.11143700068845773,0.0495869240991422,1.1978256316338864,0.0,1.0,0.0,1.0,1.0,0.0,0.0,1.0,0
0.11143700068845773,-0.5884861405484971,-0.3840356986917804,1.0,0.0,0.0,1.0,1.0,0.0,1.0,0.0,0
-1.1191120069138742,-0.5884861405484971,-0.3840356986917804,1.0,0.0,0.0,1.0,1.0,0.0,0.0,1.0,0
0.11143700068845773,2.3891881611404866,-0.3840356986917804,1.0,0.0,0.0,1.0,1.0,0.0,0.0,1.0,0
2.5725350158931213,-0.5884861405484971,-0.3840356986917804,1.0,0.0,1.0,0.0,1.0,0.0,0.0,1.0,0
0.11143700068845773,0.0495869240991422,-0.3840356986917804,1.0,0.0,0.0,1.0,0.0,1.0,0.0,1.0,0
1.3419860082907897,-0.8011771620977103,-0.3840356986917804,1.0,0.0,1.0,0.0,1.0,0.0,0.0,1.0,0
-1.1191120069138742,0.4749689671975684,-0.3840356986917804,1.0,0.0,1.0,0.0,0.0,1.0,0.0,1.0,0
0.11143700068845773,-0.37579511899928403,-0.3840356986917804,1.0,0.0,1.0,0.0,0.0,1.0,0.0,1.0,0
0.11143700068845773,-0.37579511899928403,-0.3840356986917804,1.0,0.0,0.0,1.0,0.0,1.0,0.0,1.0,0
-1.1191120069138742,-0.8011771620977103,-0.3840356986917804,0.0,1.0,0.0,1.0,1.0,0.0,0.0,1.0,0
2.5725350158931213,0.4749689671975684,-0.3840356986917804,1.0,0.0,0.0,1.0,1.0,0.0,0.0,1.0,0
-1.1191120069138742,-0.8011771620977103,-0.3840356986917804,1.0,0.0,1.0,0.0,0.0,1.0,0.0,1.0,0
0.11143700068845773,1.325733053394421,-0.3840356986917804,1.0,0.0,0.0,1.0,1.0,0.0,0.0,1.0,0
-1.1191120069138742,0.0495869240991422,-0.3840356986917804,1.0,0.0,1.0,0.0,1.0,0.0,0.0,1.0,0
0.11143700068845773,6.00493552747711,-0.3840356986917804,1.0,0.0,0.0,1.0,0.0,1.0,0.0,1.0,0
-1.1191120069138742,-0.37579511899928403,-0.3840356986917804,1.0,0.0,1.0,0.0,0.0,1.0,0.0,1.0,0
-1.1191120069138742,0.4749689671975684,-0.3840356986917804,1.0,0.0,1.0,0.0,0.0,1.0,0.0,1.0,0
-1.1191120069138742,3.0272612257881257,-0.3840356986917804,1.0,0.0,1.0,0.0,1.0,0.0,0.0,1.0,0
0.11143700068845773,-0.8011771620977103,-0.3840356986917804,1.0,0.0,0.0,1.0,1.0,0.0,0.0,1.0,0
0.11143700068845773,-0.37579511899928403,-0.3840356986917804,1.0,0.0,1.0,0.0,1.0,0.0,0.0,1.0,1
0.11143700068845773,0.0495869240991422,2.7796869619595532,0.0,1.0,0.0,1.0,1.0,0.0,0.0,1.0,1
-1.1191120069138742,-0.37579511899928403,-0.3840356986917804,1.0,0.0,1.0,0.0,0.0,1.0,0.0,1.0,0
0.11143700068845773,0.4749689671975684,-0.3840356986917804,1.0,0.0,0.0,1.0,1.0,0.0,0.0,1.0,0
0.11143700068845773,-0.8011771620977103,-0.3840356986917804,1.0,0.0,0.0,1.0,0.0,1.0,0.0,1.0,0
-1.1191120069138742,-0.8011771620977103,-0.3840356986917804,1.0,0.0,0.0,1.0,1.0,0.0,1.0,0.0,1
1.3419860082907897,-0.1631040974500709,1.1978256316338864,1.0,0.0,0.0,1.0,1.0,0.0,0.0,1.0,1
1.3419860082907897,1.325733053394421,-0.3840356986917804,1.0,0.0,0.0,1.0,0.0,1.0,0.0,1.0,0
-1.1191120069138742,-0.8011771620977103,-0.3840356986917804,1.0,0.0,1.0,0.0,0.0,1.0,0.0,1.0,0
-1.1191120069138742,0.0495869240991422,-0.3840356986917804,1.0,0.0,0.0,1.0,0.0,1.0,1.0,0.0,0
-1.1191120069138742,0.4749689671975684,4.36154829228522,1.0,0.0,0.0,1.0,0.0,1.0,0.0,1.0,0
1.3419860082907897,-0.37579511899928403,-0.3840356986917804,1.0,0.0,1.0,0.0,1.0,0.0,0.0,1.0,0
0.11143700068845773,-0.37579511899928403,-0.3840356986917804,0.0,1.0,0.0,1.0,0.0,1.0,0.0,1.0,0
0.11143700068845773,-0.37579511899928403,-0.3840356986917804,0.0,1.0,0.0,1.0,0.0,1.0,0.0,1.0,0
0.11143700068845773,0.0495869240991422,-0.3840356986917804,1.0,0.0,0.0,1.0,0.0,1.0,0.0,1.0,0
-1.1191120069138742,2.6018791826896996,-0.3840356986917804,1.0,0.0,0.0,1.0,1.0,0.0,1.0,0.0,1
-1.1191120069138742,0.0495869240991422,-0.3840356986917804,1.0,0.0,0.0,1.0,0.0,1.0,0.0,1.0,0
1.3419860082907897,-0.8011771620977103,-0.3840356986917804,1.0,0.0,0.0,1.0,0.0,1.0,0.0,1.0,0
0.11143700068845773,-0.37579511899928403,-0.3840356986917804,1.0,0.0,0.0,1.0,1.0,0.0,0.0,1.0,1
2.5725350158931213,-0.37579511899928403,-0.3840356986917804,1.0,0.0,1.0,0.0,0.0,1.0,0.0,1.0,0
1.3419860082907897,0.2622779456483553,-0.3840356986917804,0.0,1.0,0.0,1.0,1.0,0.0,0.0,1.0,0
1.3419860082907897,-0.8011771620977103,-0.3840356986917804,1.0,0.0,0.0,1.0,0.0,1.0,0.0,1.0,0
0.11143700068845773,-0.8011771620977103,-0.3840356986917804,1.0,0.0,1.0,0.0,1.0,0.0,0.0,1.0,0
2.5725350158931213,-0.8011771620977103,-0.3840356986917804,1.0,0.0,0.0,1.0,1.0,0.0,0.0,1.0,0
-1.1191120069138742,-0.8011771620977103,-0.3840356986917804,1.0,0.0,0.0,1.0,1.0,0.0,0.0,1.0,0
0.11143700068845773,0.0495869240991422,-0.3840356986917804,0.0,1.0,1.0,0.0,1.0,0.0,0.0,1.0,0
0.11143700068845773,0.9003510102959947,1.1978256316338864,1.0,0.0,0.0,1.0,0.0,1.0,0.0,1.0,1
0.11143700068845773,0.0495869240991422,-0.3840356986917804,0.0,1.0,0.0,1.0,0.0,1.0,0.0,1.0,0
0.11143700068845773,0.4749689671975684,-0.3840356986917804,1.0,0.0,0.0,1.0,1.0,0.0,0.0,1.0,0
-1.1191120069138742,0.0495869240991422,4.36154829228522,1.0,0.0,1.0,0.0,0.0,1.0,1.0,0.0,1
-1.1191120069138742,0.4749689671975684,-0.3840356986917804,1.0,0.0,1.0,0.0,1.0,0.0,0.0,1.0,0
1.3419860082907897,-0.8011771620977103,-0.3840356986917804,1.0,0.0,1.0,0.0,0.0,1.0,0.0,1.0,0
-1.1191120069138742,2.1764971395912736,1.1978256316338864,1.0,0.0,0.0,1.0,1.0,0.0,0.0,1.0,1
-1.1191120069138742,0.4749689671975684,1.1978256316338864,1.0,0.0,0.0,1.0,1.0,0.0,0.0,1.0,0
-1.1191120069138742,-0.8011771620977103,-0.3840356986917804,1.0,0.0,1.0,0.0,0.0,1.0,0.0,1.0,1
1.3419860082907897,0.0495869240991422,-0.3840356986917804,0.0,1.0,0.0,1.0,0.0,1.0,0.0,1.0,0
0.11143700068845773,-0.37579511899928403,1.1978256316338864,1.0,0.0,0.0,1.0,1.0,0.0,0.0,1.0,0
1.3419860082907897,0.0495869240991422,1.1978256316338864,1.0,0.0,1.0,0.0,0.0,1.0,0.0,1.0,0
0.11143700068845773,0.4749689671975684,-0.3840356986917804,1.0,0.0,0.0,1.0,1.0,0.0,0.0,1.0,1
0.11143700068845773,-0.8011771620977103,-0.3840356986917804,1.0,0.0,1.0,0.0,0.0,1.0,0.0,1.0,0
0.11143700068845773,0.4749689671975684,-0.3840356986917804,1.0,0.0,0.0,1.0,0.0,1.0,0.0,1.0,0
0.11143700068845773,-0.37579511899928403,1.1978256316338864,0.0,1.0,0.0,1.0,0.0,1.0,0.0,1.0,0
0.11143700068845773,-0.37579511899928403,-0.3840356986917804,1.0,0.0,1.0,0.0,1.0,0.0,0.0,1.0,0
0.11143700068845773,-0.8011771620977103,-0.3840356986917804,1.0,0.0,1.0,0.0,1.0,0.0,0.0,1.0,0
0.11143700068845773,0.6876599887467816,-0.3840356986917804,1.0,0.0,0.0,1.0,0.0,1.0,0.0,1.0,1
0.11143700068845773,-0.8011771620977103,-0.3840356986917804,0.0,1.0,0.0,1.0,0.0,1.0,0.0,1.0,1
-1.1191120069138742,-0.8011771620977103,-0.3840356986917804,1.0,0.0,0.0,1.0,1.0,0.0,0.0,1.0,0
0.11143700068845773,0.0495869240991422,-0.3840356986917804,0.0,1.0,0.0,1.0,0.0,1.0,0.0,1.0,0
0.11143700068845773,-0.8011771620977103,-0.3840356986917804,1.0,0.0,1.0,0.0,1.0,0.0,1.0,0.0,0
-1.1191120069138742,-0.8011771620977103,-0.3840356986917804,1.0,0.0,1.0,0.0,0.0,1.0,1.0,0.0,0
0.11143700068845773,-0.8011771620977103,-0.3840356986917804,1.0,0.0,1.0,0.0,0.0,1.0,0.0,1.0,0
0.11143700068845773,-0.5884861405484971,-0.3840356986917804,1.0,0.0,1.0,0.0,0.0,1.0,0.0,1.0,0
1.3419860082907897,-0.8011771620977103,-0.3840356986917804,1.0,0.0,0.0,1.0,1.0,0.0,0.0,1.0,0
0.11143700068845773,2.6018791826896996,-0.3840356986917804,1.0,0.0,1.0,0.0,1.0,0.0,0.0,1.0,0
0.11143700068845773,-0.37579511899928403,-0.3840356986917804,1.0,0.0,0.0,1.0,0.0,1.0,0.0,1.0,0
0.11143700068845773,-0.37579511899928403,2.7796869619595532,1.0,0.0,0.0,1.0,1.0,0.0,0.0,1.0,1
0.11143700068845773,0.4749689671975684,-0.3840356986917804,1.0,0.0,0.0,1.0,0.0,1.0,0.0,1.0,0
0.11143700068845773,0.0495869240991422,-0.3840356986917804,1.0,0.0,0.0,1.0,1.0,0.0,0.0,1.0,0
-1.1191120069138742,-0.8011771620977103,-0.3840356986917804,1.0,0.0,0.0,1.0,1.0,0.0,0.0,1.0,0
0.11143700068845773,0.0495869240991422,-0.3840356986917804,1.0,0.0,1.0,0.0,0.0,1.0,0.0,1.0,0
0.11143700068845773,-0.37579511899928403,-0.3840356986917804,1.0,0.0,0.0,1.0,0.0,1.0,0.0,1.0,0
-1.1191120069138742,-0.8011771620977103,-0.3840356986917804,0.0,1.0,0.0,1.0,0.0,1.0,0.0,1.0,0
-1.1191120069138742,-0.8011771620977103,-0.3840356986917804,1.0,0.0,0.0,1.0,0.0,1.0,0.0,1.0,0
-1.1191120069138742,-0.37579511899928403,-0.3840356986917804,1.0,0.0,1.0,0.0,1.0,0.0,0.0,1.0,0
0.11143700068845773,-0.8011771620977103,-0.3840356986917804,1.0,0.0,0.0,1.0,0.0,1.0,0.0,1.0,0
-1.1191120069138742,0.0495869240991422,-0.3840356986917804,1.0,0.0,0.0,1.0,0.0,1.0,0.0,1.0,0
0.11143700068845773,-0.8011771620977103,-0.3840356986917804,1.0,0.0,1.0,0.0,0.0,1.0,1.0,0.0,1
0.11143700068845773,-0.8011771620977103,-0.3840356986917804,1.0,0.0,0.0,1.0,0.0,1.0,0.0,1.0,0
2.5725350158931213,0.9003510102959947,-0.3840356986917804,1.0,0.0,0.0,1.0,0.0,1.0,0.0,1.0,0
0.11143700068845773,-0.1631040974500709,2.7796869619595532,1.0,0.0,1.0,0.0,0.0,1.0,0.0,1.0,1
0.11143700068845773,0.0495869240991422,-0.3840356986917804,1.0,0.0,0.0,1.0,1.0,0.0,0.0,1.0,0
-1.1191120069138742,0.4749689671975684,-0.3840356986917804,0.0,1.0,0.0,1.0,0.0,1.0,0.0,1.0,0
0.11143700068845773,0.9003510102959947,-0.3840356986917804,1.0,0.0,0.0,1.0,0.0,1.0,0.0,1.0,0
1.3419860082907897,0.2622779456483553,-0.3840356986917804,1.0,0.0,1.0,0.0,1.0,0.0,0.0,1.0,0
0.11143700068845773,-0.8011771620977103,-0.3840356986917804,1.0,0.0,0.0,1.0,0.0,1.0,0.0,1.0,0
-1.1191120069138742,-0.5884861405484971,1.1978256316338864,1.0,0.0,0.0,1.0,0.0,1.0,0.0,1.0,0
0.11143700068845773,0.0495869240991422,1.1978256316338864,1.0,0.0,1.0,0.0,0.0,1.0,1.0,0.0,0
0.11143700068845773,0.0495869240991422,-0.3840356986917804,1.0,0.0,1.0,0.0,0.0,1.0,0.0,1.0,0
0.11143700068845773,0.4749689671975684,-0.3840356986917804,1.0,0.0,1.0,0.0,0.0,1.0,0.0,1.0,0
-1.1191120069138742,3.8780253119849784,-0.3840356986917804,1.0,0.0,0.0,1.0,1.0,0.0,0.0,1.0,1
0.11143700068845773,-0.8011771620977103,-0.3840356986917804,1.0,0.0,0.0,1.0,1.0,0.0,0.0,1.0,1
2.5725350158931213,0.0495869240991422,-0.3840356986917804,0.0,1.0,0.0,1.0,0.0,1.0,0.0,1.0,0
-1.1191120069138742,-0.8011771620977103,-0.3840356986917804,1.0,0.0,1.0,0.0,1.0,0.0,1.0,0.0,0
0.11143700068845773,0.0495869240991422,-0.3840356986917804,0.0,1.0,0.0,1.0,0.0,1.0,0.0,1.0,0
-1.1191120069138742,-0.8011771620977103,2.7796869619595532,1.0,0.0,1.0,0.0,0.0,1.0,0.0,1.0,0
0.11143700068845773,0.0495869240991422,-0.3840356986917804,1.0,0.0,0.0,1.0,0.0,1.0,0.0,1.0,0
0.11143700068845773,2.6018791826896996,-0.3840356986917804,1.0,0.0,1.0,0.0,0.0,1.0,0.0,1.0,0
-1.1191120069138742,-0.8011771620977103,-0.3840356986917804,1.0,0.0,0.0,1.0,0.0,1.0,1.0,0.0,0
-1.1191120069138742,1.9638061180420603,-0.3840356986917804,1.0,0.0,1.0,0.0,1.0,0.0,0.0,1.0,0
-1.1191120069138742,0.0495869240991422,1.1978256316338864,1.0,0.0,0.0,1.0,1.0,0.0,0.0,1.0,0
-1.1191120069138742,-0.1631040974500709,-0.3840356986917804,1.0,0.0,0.0,1.0,0.0,1.0,1.0,0.0,0
-1.1191120069138742,5.579553484378683,1.1978256316338864,1.0,0.0,0.0,1.0,1.0,0.0,0.0,1.0,0
0.11143700068845773,4.303407355083404,-0.3840356986917804,1.0,0.0,1.0,0.0,1.0,0.0,0.0,1.0,1
0.11143700068845773,-0.37579511899928403,-0.3840356986917804,1.0,0.0,0.0,1.0,1.0,0.0,0.0,1.0,0
0.11143700068845773,-0.8011771620977103,-0.3840356986917804,1.0,0.0,0.0,1.0,0.0,1.0,0.0,1.0,0
2.5725350158931213,-0.37579511899928403,-0.3840356986917804,1.0,0.0,0.0,1.0,0.0,1.0,0.0,1.0,0
1.3419860082907897,-0.8011771620977103,-0.3840356986917804,1.0,0.0,1.0,0.0,1.0,0.0,0.0,1.0,0
-1.1191120069138742,-0.8011771620977103,-0.3840356986917804,1.0,0.0,1.0,0.0,0.0,1.0,0.0,1.0,1
0.11143700068845773,-0.8011771620977103,-0.3840356986917804,1.0,0.0,1.0,0.0,1.0,0.0,0.0,1.0,0
2.5725350158931213,-0.8011771620977103,-0.3840356986917804,0.0,1.0,0.0,1.0,0.0,1.0,0.0,1.0,0
1.3419860082907897,-0.37579511899928403,-0.3840356986917804,0.0,1.0,0.0,1.0,0.0,1.0,0.0,1.0,0
-1.1191120069138742,3.6653342904357653,-0.3840356986917804,1.0,0.0,0.0,1.0,1.0,0.0,0.0,1.0,0
0.11143700068845773,-0.8011771620977103,-0.3840356986917804,1.0,0.0,1.0,0.0,0.0,1.0,0.0,1.0,0
0.11143700068845773,-0.8011771620977103,-0.3840356986917804,1.0,0.0,0.0,1.0,1.0,0.0,0.0,1.0,0
-1.1191120069138742,0.4749689671975684,-0.3840356986917804,1.0,0.0,1.0,0.0,0.0,1.0,0.0,1.0,0
-1.1191120069138742,0.4749689671975684,-0.3840356986917804,1.0,0.0,1.0,0.0,0.0,1.0,0.0,1.0,0
-1.1191120069138742,-0.8011771620977103,-0.3840356986917804,1.0,0.0,1.0,0.0,1.0,0.0,0.0,1.0,0
0.11143700068845773,-0.37579511899928403,-0.3840356986917804,0.0,1.0,0.0,1.0,0.0,1.0,0.0,1.0,0
0.11143700068845773,-0.8011771620977103,-0.3840356986917804,1.0,0.0,0.0,1.0,1.0,0.0,0.0,1.0,0
0.11143700068845773,-0.8011771620977103,-0.3840356986917804,1.0,0.0,1.0,0.0,1.0,0.0,0.0,1.0,0
0.11143700068845773,0.9003510102959947,1.1978256316338864,1.0,0.0,0.0,1.0,1.0,0.0,0.0,1.0,1
0.11143700068845773,-0.8011771620977103,-0.3840356986917804,1.0,0.0,0.0,1.0,1.0,0.0,0.0,1.0,0
-1.1191120069138742,0.0495869240991422,-0.3840356986917804,1.0,0.0,0.0,1.0,0.0,1.0,0.0,1.0,0
1.3419860082907897,0.0495869240991422,-0.3840356986917804,1.0,0.0,1.0,0.0,1.0,0.0,0.0,1.0,0
-1.1191120069138742,0.4749689671975684,-0.3840356986917804,1.0,0.0,0.0,1.0,0.0,1.0,0.0,1.0,1
0.11143700068845773,-0.8011771620977103,-0.3840356986917804,0.0,1.0,0.0,1.0,0.0,1.0,0.0,1.0,0
0.11143700068845773,0.0495869240991422,-0.3840356986917804,1.0,0.0,0.0,1.0,1.0,0.0,0.0,1.0,0
0.11143700068845773,1.325733053394421,4.36154829228522,1.0,0.0,0.0,1.0,0.0,1.0,1.0,0.0,1
1.3419860082907897,-0.8011771620977103,-0.3840356986917804,1.0,0.0,0.0,1.0,1.0,0.0,0.0,1.0,0
0.11143700068845773,1.113042031845208,1.1978256316338864,1.0,0.0,0.0,1.0,0.0,1.0,0.0,1.0,1
0.11143700068845773,-0.8011771620977103,-0.3840356986917804,1.0,0.0,1.0,0.0,1.0,0.0,0.0,1.0,0
0.11143700068845773,-0.37579511899928403,-0.3840356986917804,0.0,1.0,0.0,1.0,1.0,0.0,0.0,1.0,0
0.11143700068845773,-0.8011771620977103,-0.3840356986917804,1.0,0.0,0.0,1.0,1.0,0.0,0.0,1.0,0
0.11143700068845773,-0.37579511899928403,-0.3840356986917804,1.0,0.0,0.0,1.0,1.0,0.0,0.0,1.0,0
-1.1191120069138742,-0.8011771620977103,1.1978256316338864,1.0,0.0,0.0,1.0,1.0,0.0,1.0,0.0,1
-1.1191120069138742,-0.37579511899928403,-0.3840356986917804,0.0,1.0,1.0,0.0,1.0,0.0,0.0,1.0,1
-1.1191120069138742,-0.8011771620977103,1.1978256316338864,1.0,0.0,1.0,0.0,1.0,0.0,0.0,1.0,1
0.11143700068845773,0.0495869240991422,-0.3840356986917804,1.0,0.0,0.0,1.0,0.0,1.0,0.0,1.0,0
-1.1191120069138742,-0.1631040974500709,-0.3840356986917804,1.0,0.0,0.0,1.0,0.0,1.0,0.0,1.0,0
-1.1191120069138742,-0.37579511899928403,-0.3840356986917804,1.0,0.0,1.0,0.0,1.0,0.0,0.0,1.0,1
1.3419860082907897,-0.8011771620977103,-0.3840356986917804,1.0,0.0,0.0,1.0,0.0,1.0,0.0,1.0,0
2.5725350158931213,-0.8011771620977103,-0.3840356986917804,0.0,1.0,0.0,1.0,1.0,0.0,0.0,1.0,0
0.11143700068845773,-0.8011771620977103,-0.3840356986917804,1.0,0.0,0.0,1.0,1.0,0.0,0.0,1.0,0
-1.1191120069138742,-0.37579511899928403,-0.3840356986917804,1.0,0.0,0.0,1.0,0.0,1.0,0.0,1.0,0
1.3419860082907897,1.325733053394421,-0.3840356986917804,1.0,0.0,0.0,1.0,0.0,1.0,0.0,1.0,0
0.11143700068845773,-0.37579511899928403,-0.3840356986917804,1.0,0.0,1.0,0.0,0.0,1.0,0.0,1.0,0
0.11143700068845773,-0.37579511899928403,-0.3840356986917804,1.0,0.0,0.0,1.0,0.0,1.0,0.0,1.0,0
0.11143700068845773,2.1764971395912736,1.1978256316338864,1.0,0.0,0.0,1.0,0.0,1.0,0.0,1.0,0
0.11143700068845773,-0.8011771620977103,-0.3840356986917804,1.0,0.0,0.0,1.0,1.0,0.0,1.0,0.0,0
2.5725350158931213,0.4749689671975684,-0.3840356986917804,1.0,0.0,1.0,0.0,0.0,1.0,0.0,1.0,0
-1.1191120069138742,0.0495869240991422,4.36154829228522,1.0,0.0,1.0,0.0,0.0,1.0,0.0,1.0,1
0.11143700068845773,-0.8011771620977103,-0.3840356986917804,1.0,0.0,0.0,1.0,0.0,1.0,0.0,1.0,0
-1.1191120069138742,0.9003510102959947,-0.3840356986917804,1.0,0.0,0.0,1.0,1.0,0.0,0.0,1.0,0
0.11143700068845773,1.7511150964928472,1.1978256316338864,0.0,1.0,1.0,0.0,0.0,1.0,0.0,1.0,0
-1.1191120069138742,0.9003510102959947,-0.3840356986917804,1.0,0.0,0.0,1.0,1.0,0.0,0.0,1.0,0
-1.1191120069138742,2.1764971395912736,4.36154829228522,1.0,0.0,1.0,0.0,1.0,0.0,0.0,1.0,0
0.11143700068845773,-0.8011771620977103,-0.3840356986917804,1.0,0.0,0.0,1.0,0.0,1.0,0.0,1.0,0
0.11143700068845773,-0.8011771620977103,-0.3840356986917804,1.0,0.0,1.0,0.0,1.0,0.0,0.0,1.0,0
-1.1191120069138742,0.0495869240991422,-0.3840356986917804,1.0,0.0,1.0,0.0,0.0,1.0,0.0,1.0,0
0.11143700068845773,-0.37579511899928403,-0.3840356986917804,1.0,0.0,0.0,1.0,1.0,0.0,0.0,1.0,0
0.11143700068845773,-0.8011771620977103,-0.3840356986917804,1.0,0.0,1.0,0.0,1.0,0.0,0.0,1.0,0
1.3419860082907897,-0.37579511899928403,-0.3840356986917804,1.0,0.0,1.0,0.0,0.0,1.0,0.0,1.0,0
1.3419860082907897,-0.8011771620977103,-0.3840356986917804,1.0,0.0,0.0,1.0,0.0,1.0,0.0,1.0,0
-1.1191120069138742,-0.8011771620977103,1.1978256316338864,1.0,0.0,1.0,0.0,0.0,1.0,1.0,0.0,0
-1.1191120069138742,-0.8011771620977103,1.1978256316338864,1.0,0.0,1.0,0.0,0.0,1.0,0.0,1.0,1
2.5725350158931213,0.9003510102959947,-0.3840356986917804,1.0,0.0,0.0,1.0,0.0,1.0,0.0,1.0,0
-1.1191120069138742,0.9003510102959947,-0.3840356986917804,1.0,0.0,0.0,1.0,1.0,0.0,0.0,1.0,0
0.11143700068845773,2.1764971395912736,-0.3840356986917804,1.0,0.0,0.0,1.0,1.0,0.0,0.0,1.0,0
0.11143700068845773,-0.5884861405484971,-0.3840356986917804,1.0,0.0,1.0,0.0,1.0,0.0,0.0,1.0,0
-1.1191120069138742,-0.8011771620977103,-0.3840356986917804,1.0,0.0,0.0,1.0,0.0,1.0,0.0,1.0,0
-1.1191120069138742,-0.8011771620977103,-0.3840356986917804,1.0,0.0,0.0,1.0,1.0,0.0,0.0,1.0,0
0.11143700068845773,-0.8011771620977103,-0.3840356986917804,1.0,0.0,0.0,1.0,0.0,1.0,0.0,1.0,0
1.3419860082907897,0.0495869240991422,-0.3840356986917804,1.0,0.0,0.0,1.0,0.0,1.0,0.0,1.0,0
0.11143700068845773,-0.37579511899928403,2.7796869619595532,1.0,0.0,0.0,1.0,1.0,0.0,0.0,1.0,1
0.11143700068845773,0.0495869240991422,-0.3840356986917804,0.0,1.0,1.0,0.0,1.0,0.0,0.0,1.0,0
2.5725350158931213,-0.37579511899928403,1.1978256316338864,1.0,0.0,0.0,1.0,1.0,0.0,0.0,1.0,1
1.3419860082907897,-0.8011771620977103,-0.3840356986917804,1.0,0.0,1.0,0.0,1.0,0.0,0.0,1.0,0
